basin_index,gauge_id,gauge_name,gauge_lat,gauge_lon
0,01013500,"Fish River near Fort Kent, Maine",47.23739,-68.58264
1,01022500,"Narraguagus River at Cherryfield, Maine",44.60797,-67.93524
2,01030500,"Mattawamkeag River near Mattawamkeag, Maine",45.50097,-68.30596
3,01031500,"Piscataquis River near Dover-Foxcroft, Maine",45.17501,-69.3147
4,01047000,"Carrabassett River near North Anson, Maine",44.8692,-69.9551
5,01052500,"Diamond River near Wentworth Location, NH",44.87739,-71.05749
6,01054200,"Wild River at Gilead, Maine",44.39044,-70.97964
7,01055000,"Swift River near Roxbury, Maine",44.64275,-70.58878
8,01057000,"Little Androscoggin River near South Paris, Maine",44.30399,-70.53968
9,01073000,"OYSTER RIVER NEAR DURHAM, NH",43.1487,-70.96506
10,01078000,"SMITH RIVER NEAR BRISTOL, NH",43.56646,-71.74786
11,01118300,"PENDLETON HILL BROOK NEAR CLARKS FALLS, CT.",41.47482,-71.83424
12,01121000,"MOUNT HOPE RIVER NEAR WARRENVILLE, CT.",41.84371,-72.16897
13,01123000,"LITTLE RIVER NEAR HANOVER, CT.",41.67177,-72.0523
14,01134500,"MOOSE RIVER AT VICTORY, VT",44.51172,-71.83731
15,01137500,"AMMONOOSUC RIVER AT BETHLEHEM JUNCTION, NH",44.26867,-71.63036
16,01139000,"WELLS RIVER AT WELLS RIVER, VT",44.15034,-72.06509
17,01139800,"EAST ORANGE BRANCH AT EAST ORANGE, VT",44.09284,-72.33565
18,01142500,"AYERS BROOK AT RANDOLPH, VT",43.93451,-72.65788
19,01144000,"WHITE RIVER AT WEST HARTFORD, VT",43.71424,-72.41815
20,01162500,"PRIEST BROOK NEAR WINCHENDON, MA",42.68259,-72.11508
21,01169000,"NORTH RIVER AT SHATTUCKVILLE, MA",42.63842,-72.72509
22,01170100,"GREEN RIVER NEAR COLRAIN, MA",42.70342,-72.67065
23,01181000,"WEST BRANCH WESTFIELD RIVER AT HUNTINGTON, MA",42.23731,-72.89565
24,01187300,"HUBBARD RIVER NR. WEST HARTLAND, CT.",42.03732,-72.93899
25,01195100,"INDIAN RIVER NEAR CLINTON, CT.",41.30593,-72.5312
26,01333000,"GREEN RIVER AT WILLIAMSTOWN, MA",42.70897,-73.19677
27,01350000,SCHOHARIE CREEK AT PRATTSVILLE NY,42.31953,-74.43654
28,01350080,MANOR KILL AT WEST CONESVILLE NEAR GILBOA NY,42.37703,-74.41292
29,01350140,MINE KILL NEAR NORTH BLENHEIM NY,42.42897,-74.47293
30,01365000,RONDOUT CREEK NEAR LOWES CORNERS NY,41.86648,-74.4871
31,01411300,TUCKAHOE RIVER AT HEAD OF RIVER NJ,39.30694,-74.82056
32,01413500,EAST BR DELAWARE R AT MARGARETVILLE NY,42.14481,-74.65349
33,01414500,MILL BROOK NEAR DUNRAVEN NY,42.1062,-74.73043
34,01415000,TREMPER KILL NEAR ANDES NY,42.12009,-74.81849
35,01423000,WEST BRANCH DELAWARE RIVER AT WALTON NY,42.1662,-75.13989
36,01434025,BISCUIT BK ABOVE PIGEON BK AT FROST VALLEY NY,41.99537,-74.50099
37,01435000,NEVERSINK RIVER NEAR CLARYVILLE NY,41.89009,-74.58988
38,01439500,"Bush Kill at Shoemakers, PA",41.08815,-75.03767
39,01440000,FLAT BROOK NEAR FLATBROOKVILLE NJ,41.10667,-74.95222
40,01440400,"Brodhead Creek near Analomink, PA",41.08481,-75.21462
41,01451800,"Jordan Creek near Schnecksville, PA",40.66176,-75.62685
42,01466500,MCDONALDS BRANCH IN LEBANON STATE FOREST NJ,39.885,-74.50528
43,01484100,"BEAVERDAM BRANCH AT HOUSTON, DE",38.90578,-75.51275
44,01485500,"NASSAWANGO CREEK NEAR SNOW HILL, MD",38.22892,-75.47144
45,01486000,"MANOKIN BRANCH NEAR PRINCESS ANNE, MD",38.21389,-75.67139
46,01487000,"NANTICOKE RIVER NEAR BRIDGEVILLE, DE",38.72833,-75.56186
47,01491000,"CHOPTANK RIVER NEAR GREENSBORO, MD",38.99719,-75.78581
48,01510000,OTSELIC RIVER AT CINCINNATUS NY,42.54118,-75.89964
49,01516500,"Corey Creek near Mainesburg, PA",41.79091,-77.01469
50,01518862,"Cowanesque River at Westfield, PA",41.92313,-77.53193
51,01532000,"Towanda Creek near Monroeton, PA",41.70702,-76.48467
52,01539000,"Fishing Creek near Bloomsburg, PA",41.07814,-76.43106
53,01542810,"Waldy Run near Emporium, PA",41.57895,-78.29251
54,01543000,"Driftwood Br Sinnemahoning Cr at Sterling Run, PA",41.4134,-78.19695
55,01543500,"Sinnemahoning Creek at Sinnemahoning, PA",41.31728,-78.10306
56,01544500,"Kettle Creek at Cross Fork, PA",41.4759,-77.82582
57,01545600,"Young Womans Creek near Renovo, PA",41.38951,-77.69082
58,01547700,"Marsh Creek at Blanchard, PA",41.05951,-77.60583
59,01548500,"Pine Creek at Cedar Run, PA",41.52174,-77.44748
60,01549500,"Blockhouse Creek near English Center, PA",41.47368,-77.23081
61,01550000,"Lycoming Creek near Trout Run, PA",41.41841,-77.03275
62,01552000,"Loyalsock Creek at Loyalsockville, PA",41.32508,-76.91246
63,01552500,"Muncy Creek near Sonestown, PA",41.35702,-76.53467
64,01557500,"Bald Eagle Creek at Tyrone, PA",40.68367,-78.23362
65,01567500,"Bixler Run near Loysville, PA",40.37092,-77.40221
66,01568000,"Sherman Creek at Shermans Dale, PA",40.32342,-77.16887
67,01580000,"DEER CREEK AT ROCKS, MD",39.62997,-76.40331
68,01583500,"WESTERN RUN AT WESTERN RUN, MD",39.51078,-76.6765
69,01586610,"MORGAN RUN NEAR LOUISVILLE, MD",39.45189,-76.95531
70,01591400,"CATTAIL CREEK NEAR GLENWOOD, MD",39.25597,-77.05106
71,01594950,"MCMILLAN F NEAR FORT PENDLETON, MD",39.27669,-79.39031
72,01596500,"SAVAGE RIVER NEAR BARTON, MD",39.57006,-79.10194
73,01605500,"SOUTH BRANCH POTOMAC RIVER AT FRANKLIN, WV",38.63567,-79.33782
74,01606500,"SO. BRANCH POTOMAC RIVER NR PETERSBURG, WV",38.99122,-79.17587
75,01613050,"Tonoloway Creek near Needmore, PA",39.89842,-78.13223
76,01620500,"NORTH RIVER NEAR STOKESVILLE, VA",38.33763,-79.24004
77,01632000,"N F SHENANDOAH RIVER AT COOTES STORE, VA",38.63706,-78.8528
78,01632900,"SMITH CREEK NEAR NEW MARKET, VA",38.69345,-78.64279
79,01634500,"CEDAR CREEK NEAR WINCHESTER, VA",39.08122,-78.32945
80,01638480,"CATOCTIN CREEK AT TAYLORSTOWN, VA",39.25455,-77.57638
81,01639500,"BIG PIPE CREEK AT BRUCEVILLE, MD",39.61236,-77.23744
82,01644000,"GOOSE CREEK NEAR LEESBURG, VA",39.01955,-77.57749
83,01658500,"S F QUANTICO CREEK NEAR INDEPENDENT HILL, VA",38.58734,-77.4286
84,01664000,"RAPPAHANNOCK RIVER AT REMINGTON, VA",38.53068,-77.8136
85,01666500,"ROBINSON RIVER NEAR LOCUST DALE, VA",38.32513,-78.09556
86,01667500,"RAPIDAN RIVER NEAR CULPEPER, VA",38.35041,-77.975
87,01669000,"PISCATAWAY CREEK NEAR TAPPAHANNOCK, VA",37.87708,-76.90052
88,01669520,"DRAGON SWAMP AT MASCOT, VA",37.63375,-76.69635
89,02011400,"JACKSON RIVER NEAR BACOVA, VA",38.04235,-79.88144
90,02011460,"BACK CREEK NEAR SUNRISE, VA",38.2454,-79.76866
91,02013000,"DUNLAP CREEK NEAR COVINGTON, VA",37.8029,-80.047
92,02014000,"POTTS CREEK NEAR COVINGTON, VA",37.72901,-80.04228
93,02015700,"BULLPASTURE RIVER AT WILLIAMSVILLE, VA",38.1954,-79.57032
94,02016000,"COWPASTURE RIVER NEAR CLIFTON FORGE, VA",37.7918,-79.75949
95,02017500,"JOHNS CREEK AT NEW CASTLE, VA",37.50624,-80.10671
96,02018000,"CRAIG CREEK AT PARR, VA",37.66596,-79.91144
97,02027000,"TYE RIVER NEAR LOVINGSTON, VA",37.71542,-78.98169
98,02027500,"PINEY RIVER AT PINEY RIVER, VA",37.70236,-79.02752
99,02028500,"ROCKFISH RIVER NEAR GREENFIELD, VA",37.86959,-78.82335
100,02038850,"HOLIDAY CREEK NEAR ANDERSONVILLE, VA",37.41542,-78.63584
101,02046000,"STONY CREEK NEAR DINWIDDIE, VA",37.06709,-77.60249
102,02051000,"NORTH MEHERRIN RIVER NEAR LUNENBURG, VA",36.99737,-78.34972
103,02051500,"MEHERRIN RIVER NEAR LAWRENCEVILLE, VA",36.71681,-77.83166
104,02053200,"POTECASI CREEK NEAR UNION, NC",36.37083,-77.02556
105,02053800,"S F ROANOKE RIVER NEAR SHAWSVILLE, VA",37.14013,-80.26643
106,02055100,"TINKER CREEK NEAR DALEVILLE, VA",37.41763,-79.93532
107,02056900,"BLACKWATER RIVER NEAR ROCKY MOUNT, VA",37.04514,-79.8442
108,02059500,"GOOSE CREEK NEAR HUDDLESTON, VA",37.1732,-79.52031
109,02064000,"FALLING RIVER NEAR NARUNA, VA",37.12681,-78.95974
110,02065500,"CUB CREEK AT PHENIX, VA",37.07931,-78.76362
111,02069700,"SOUTH MAYO RIVER NEAR NETTLERIDGE, VA",36.57097,-80.12949
112,02070000,"NORTH MAYO RIVER NEAR SPENCER, VA",36.56819,-79.98726
113,02074500,"SANDY RIVER NEAR DANVILLE, VA",36.61958,-79.50419
114,02077200,"HYCO CREEK NEAR LEASBURG, NC",36.39778,-79.19667
115,02081500,"TAR RIVER NEAR TAR RIVER, NC",36.19417,-78.58306
116,02082950,"LITTLE FISHING CREEK NEAR WHITE OAK, NC",36.18333,-77.87611
117,02092500,"TRENT RIVER NEAR TRENTON, NC",35.06417,-77.46139
118,02096846,"CANE CREEK NEAR ORANGE GROVE, NC",35.98722,-79.20611
119,02102908,"FLAT CREEK NEAR INVERNESS, NC",35.18278,-79.1775
120,02108000,"NORTHEAST CAPE FEAR RIVER NEAR CHINQUAPIN, NC",34.82889,-77.83222
121,02111180,"ELK CREEK AT ELKVILLE, NC",36.07139,-81.40306
122,02111500,"REDDIES RIVER AT NORTH WILKESBORO, NC",36.175,-81.16889
123,02112120,"ROARING RIVER NEAR ROARING RIVER, NC",36.25028,-81.04444
124,02112360,"MITCHELL RIVER NEAR STATE ROAD, NC",36.31139,-80.80722
125,02118500,"HUNTING CREEK NEAR HARMONY, NC",36.00056,-80.74556
126,02125000,"BIG BEAR CR NR RICHFIELD, NC",35.33472,-80.33556
127,02128000,"LITTLE RIVER NEAR STAR, NC",35.38722,-79.83139
128,02137727,"CATAWBA R NR PLEASANT GARDENS, NC",35.68583,-82.06028
129,02140991,"JOHNS RIVER AT ARNEYS STORE, NC",35.83361,-81.71194
130,02143000,"HENRY FORK NEAR HENRY RIVER, NC",35.68444,-81.40333
131,02143040,"JACOB FORK AT RAMSEY, NC",35.59069,-81.56704
132,02149000,"COVE CREEK NEAR LAKE LURE, NC",35.42345,-82.1115
133,02152100,"FIRST BROAD RIVER NEAR CASAR, NC",35.49306,-81.68222
134,02177000,"CHATTOOGA RIVER NEAR CLAYTON, GA",34.81398,-83.30599
135,02178400,"TALLULAH RIVER NEAR CLAYTON, GA",34.89037,-83.53044
136,02193340,"KETTLE CREEK NEAR WASHINGTON, GA",33.68263,-82.85792
137,02196000,"STEVENS CREEK NEAR MODOC, SC",33.7293,-82.18179
138,02198100,"BEAVERDAM CREEK NEAR SARDIS, GA",32.93766,-81.81539
139,02202600,"BLACK CREEK NEAR BLITCHTON, GA",32.16798,-81.48817
140,02212600,"FALLING CREEK NEAR JULIETTE, GA",33.09985,-83.72351
141,02215100,"TUCSAWHATCHEE CREEK NEAR HAWKINSVILLE, GA",32.23944,-83.50167
142,02216180,"TURNPIKE CREEK NEAR MCRAE, GA",31.99139,-82.92194
143,02221525,"MURDER CREEK BELOW EATONTON, GA",33.25236,-83.48128
144,02231000,"ST. MARYS RIVER NR MACCLENNY, FLA.",30.35885,-82.0815
145,02231342,"FT DRUM CREEK AT SUNSHINE ST PKY NEAR FT DRUM, FL",27.56865,-80.79617
146,02235200,"BLACKWATER CREEK NEAR CASSIA, FL",28.87453,-81.48938
147,02245500,"SOUTH FORK BLACK CREEK NR PENNEY FARMS, FLA.",29.97941,-81.85204
148,02246000,"NORTH FORK BLACK CREEK NR MIDDLEBURG, FLA.",30.1133,-81.90649
149,02296500,CHARLIE CREEK NEAR GARDNER FL,27.37504,-81.79647
150,02297155,HORSE CREEK NEAR MYAKKA HEAD FL,27.48726,-82.02342
151,02297310,HORSE CREEK NEAR ARCADIA FL,27.19949,-81.98842
152,02298123,PRAIRIE CREEK NEAR FORT OGDEN FL,27.052,-81.78453
153,02298608,MYAKKA RIVER AT MYAKKA CITY FL,27.34366,-82.15676
154,02299950,MANATEE RIVER NEAR MYAKKA HEAD FL,27.47365,-82.2112
155,02300700,BULLFROG CREEK NEAR WIMAUMA FL,27.79197,-82.35204
156,02310947,"WITHLACOOCHEE RIVER NEAR CUMPRESSCO, FLA.",28.31195,-82.05591
157,02312200,"LITTLE WITHLACOOCHEE RIVER AT RERDELL, FLA.",28.57277,-82.15536
158,02314500,"SUWANNEE RIVER AT US 441, AT FARGO, GA",30.68056,-82.56056
159,02315500,"SUWANNEE RIVER AT WHITE SPRINGS, FLA.",30.32578,-82.73818
160,02324400,"FENHOLLOWAY RIVER NEAR FOLEY, FLA.",30.09827,-83.47181
161,02327100,"SOPCHOPPY RIVER NR SOPCHOPPY, FLA.",30.12937,-84.49435
162,02342933,SOUTH FORK COWIKEE CREEK NEAR BATESVILLE AL,32.01766,-85.29577
163,02349900,"TURKEY CREEK AT BYROMVILLE, GA",32.19556,-83.90222
164,02350900,"KINCHAFOONEE CREEK NEAR DAWSON, GA",31.76444,-84.25333
165,02361000,"CHOCTAWHATCHEE RIVER NEAR NEWTON, AL.",31.34295,-85.61049
166,02363000,PEA RIVER NEAR ARITON AL,31.59489,-85.783
167,02369800,BLACKWATER RIVER NEAR BRADLEY AL,31.02768,-86.70996
168,02371500,CONECUH RIVER AT BRANTLEY AL,31.5735,-86.25162
169,02372250,PATSALIGA CREEK NEAR BRANTLEY AL,31.59627,-86.40552
170,02374500,MURDER CREEK NEAR EVERGREEN AL,31.4185,-86.98664
171,02381600,"FAUSETT CREEK NEAR TALKING ROCK, GA",34.57037,-84.46882
172,02384540,"MILL CREEK NEAR CRANDALL, GA",34.87202,-84.72133
173,02395120,"TWO RUN CREEK NEAR KINGSTON, GA",34.24278,-84.88972
174,02408540,HATCHET CREEK BELOW ROCKFORD AL,32.91679,-86.27025
175,02415000,HILLABEE CREEK NEAR HACKNEYVILLE AL,33.06679,-85.87913
176,02422500,MULBERRY CREEK AT JONES AL,32.58291,-86.9036
177,02427250,"PINE BARREN CREEK NEAR SNOW HILL, AL.",31.99626,-87.06832
178,02430085,"RED BUD CREEK NR MOORES MILL, MS",34.46667,-88.28361
179,02430615,"MUD CREEK NR FAIRVIEW, MS",34.3925,-88.355
180,02450250,SIPSEY FORK NEAR GRAYSON AL,34.28538,-87.39891
181,02464000,NORTH RIVER NEAR SAMANTHA AL,33.47928,-87.59723
182,02464146,TURKEY CREEK NEAR TUSCALOOSA,33.41345,-87.51056
183,02464360,BINION CREEK BELOW GIN CREEK NEAR SAMANTHA AL,33.42484,-87.64251
184,02465493,ELLIOTTS CREEK AT MOUNDVILLE AL,32.99735,-87.62223
185,02469800,SATILPA CREEK NEAR COFFEEVILLE AL,31.74432,-88.02251
186,02472000,"LEAF RIVER NR COLLINS, MS",31.70694,-89.40694
187,02472500,"BOUIE CREEK NR HATTIESBURG, MS",31.42583,-89.41472
188,02479155,"CYPRESS CREEK NR JANICE, MS",31.02528,-89.01667
189,02479300,"RED CREEK AT VESTRY, MS",30.73611,-88.78111
190,02479560,ESCATAWPA RIVER NEAR AGRICOLA MS,30.80908,-88.45863
191,02481000,"BILOXI RIVER AT WORTHAM, MS",30.55861,-89.12194
192,02481510,"WOLF RIVER NR LANDON, MS",30.48361,-89.27444
193,03010655,"Oswayo Creek at Shinglehouse, PA",41.96173,-78.19807
194,03011800,"Kinzua Creek near Guffey, PA",41.76645,-78.71864
195,03015500,"Brokenstraw Creek at Youngsville, PA",41.85256,-79.31727
196,03021350,"French Creek near Wattsburg, PA",42.01533,-79.78255
197,03026500,"Sevenmile Run near Rasselas, PA",41.63117,-78.57669
198,03028000,"West Branch Clarion River at Wilcox, PA",41.57534,-78.69225
199,03049000,"Buffalo Creek near Freeport, PA",40.7159,-79.69949
200,03049800,"Little Pine Creek near Etna, PA",40.52035,-79.93811
201,03050000,"TYGART VALLEY RIVER NEAR DAILEY, WV",38.80927,-79.88173
202,03066000,"BLACKWATER R AT DAVIS, WV",39.12705,-79.46838
203,03069500,"CHEAT RIVER NEAR PARSONS, WV",39.12288,-79.68117
204,03070500,"BIG SANDY CREEK AT ROCKVILLE, WV",39.61564,-79.70477
205,03076600,"BEAR CREEK AT FRIENDSVILLE, MD",39.65614,-79.39411
206,03078000,"CASSELMAN RIVER AT GRANTSVILLE, MD",39.70219,-79.13639
207,03140000,Mill Creek near Coshocton OH,40.36285,-81.86236
208,03144000,Wakatomika Creek near Frazeysburg OH,40.13257,-82.14792
209,03159540,Shade River near Chester OH,39.06369,-81.8818
210,03161000,"SOUTH FORK NEW RIVER NEAR JEFFERSON, NC",36.39333,-81.40694
211,03164000,"NEW RIVER NEAR GALAX, VA",36.64735,-80.97897
212,03165000,"CHESTNUT CREEK AT GALAX, VA",36.64596,-80.91924
213,03170000,"LITTLE RIVER AT GRAYSONTOWN, VA",37.03763,-80.55672
214,03173000,"WALKER CREEK AT BANE, VA",37.26818,-80.70951
215,03180500,"GREENBRIER RIVER AT DURBIN, WV",38.54373,-79.83312
216,03182500,"GREENBRIER RIVER AT BUCKEYE, WV",38.18595,-80.13062
217,03186500,"WILLIAMS RIVER AT DYER, WV",38.379,-80.48397
218,03187500,"CRANBERRY RIVER NEAR RICHWOOD, WV",38.29539,-80.52648
219,03213700,"TUG FORK AT WILLIAMSON, WV",37.67316,-82.28014
220,03237280,Upper Twin Creek at McGaw OH,38.64369,-83.21574
221,03237500,Ohio Brush Creek near West Union OH,38.80368,-83.42102
222,03238500,White Oak Creek near Georgetown OH,38.85813,-83.92854
223,03241500,Massies Creek at Wilberforce OH,39.72284,-83.88271
224,03280700,"CUTSHIN CREEK AT WOOTON, KY",37.16509,-83.30796
225,03281100,"GOOSE CREEK AT MANCHESTER, KY",37.15203,-83.7602
226,03281500,"SOUTH FORK KENTUCKY RIVER AT BOONEVILLE, KY",37.47981,-83.67519
227,03285000,"DIX RIVER NEAR DANVILLE, KY",37.64202,-84.66078
228,03291780,"INDIAN-KENTUCK CREEK NR CANAAN, IND.",38.87811,-85.25718
229,03300400,"BEECH FORK AT MAUD, KY",37.83284,-85.29607
230,03338780,"NORTH FORK VERMILION RIVER NEAR BISMARCK, IL",40.26531,-87.6428
231,03340800,BIG RACCOON CREEK NEAR FINCASTLE IND,39.81255,-86.9539
232,03346000,"NORTH FORK EMBARRAS RIVER NEAR OBLONG, IL",39.01004,-87.94559
233,03357350,"PLUM CREEK NEAR BAINBRIDGE, IND.",39.76171,-86.72945
234,03364500,"CLIFTY CREEK AT HARTSVILLE, IN",39.27477,-85.70165
235,03366500,"MUSCATATUCK RIVER NEAR DEPUTY, IN",38.80422,-85.67386
236,03368000,"BRUSH CREEK NEAR NEBRASKA, IN",39.07033,-85.48608
237,03384450,"LUSK CREEK NEAR EDDYVILLE, IL",37.47227,-88.54727
238,03439000,"FRENCH BROAD RIVER AT ROSMAN, NC",35.14333,-82.82472
239,03450000,"BEETREE CREEK NEAR SWANNANOA, NC",35.65306,-82.40528
240,03455500,"W F PIGEON R ABOVE LAKE LOGAN NR HAZELWOOD, NC",35.39611,-82.9375
241,03456500,"EAST FORK PIGEON RIVER NEAR CANTON, NC",35.46167,-82.86972
242,03460000,"CATALOOCHEE CREEK NEAR CATALOOCHEE, NC",35.6675,-83.07361
243,03463300,"SOUTH TOE RIVER NEAR CELO, NC",35.83151,-82.18429
244,03471500,"S F HOLSTON RIVER AT RIVERSIDE NR CHILHOWIE, VA",36.76039,-81.63123
245,03473000,"S F HOLSTON RIVER NEAR DAMASCUS, VA",36.65178,-81.84401
246,03479000,"WATAUGA RIVER NEAR SUGAR GROVE, NC",36.23917,-81.82222
247,03488000,"N F HOLSTON RIVER NEAR SALTVILLE, VA",36.89678,-81.74623
248,03498500,"LITTLE RIVER NEAR MARYVILLE, TN",35.78562,-83.8846
249,03500000,"LITTLE TENNESSEE RIVER NEAR PRENTISS, NC",35.15,-83.37972
250,03500240,"CARTOOGECHAYE CREEK NEAR FRANKLIN, NC",35.15889,-83.39417
251,03504000,"NANTAHALA RIVER NEAR RAINBOW SPRINGS, NC",35.1275,-83.61861
252,03574500,PAINT ROCK RIVER NEAR WOODVILLE AL,34.62425,-86.30637
253,03592718,"LITTLE YELLOW CREEK EAST NR BURNSVILLE, MS",34.83556,-88.28806
254,03604000,"BUFFALO RIVER NEAR FLAT WOODS, TN",35.49591,-87.8328
255,04015330,"KNIFE RIVER NEAR TWO HARBORS, MN",46.94688,-91.7924
256,04024430,"NEMADJI RIVER NEAR SOUTH SUPERIOR, WI",46.63327,-92.09408
257,04027000,"BAD RIVER NEAR ODANAH, WI",46.48661,-90.6963
258,04040500,"STURGEON RIVER NEAR SIDNAW, MI",46.58411,-88.57597
259,04043050,"TRAP ROCK RIVER NEAR LAKE LINDEN, MI",47.22854,-88.38539
260,04045500,"TAHQUAMENON RIVER NEAR PARADISE, MI",46.57502,-85.26955
261,04056500,"MANISTIQUE RIVER NEAR MANISTIQUE, MI",46.03053,-86.16125
262,04057510,"STURGEON RIVER NEAR NAHMA JUNCTION, MI",45.94302,-86.7057
263,04057800,"MIDDLE BRANCH ESCANABA RIVER AT HUMBOLDT, MI",46.4991,-87.88652
264,04059500,"FORD RIVER NEAR HYDE, MI",45.75552,-87.20152
265,04063700,"POPPLE RIVER NEAR FENCE, WI",45.76357,-88.46318
266,04074950,"WOLF RIVER AT LANGLADE, WI",45.18997,-88.73344
267,04105700,"AUGUSTA CREEK NEAR AUGUSTA, MI",42.35337,-85.35389
268,04115265,"FISH CREEK NEAR CRYSTAL, MI",43.24976,-84.98113
269,04122200,"WHITE RIVER NEAR WHITEHALL, MI",43.46418,-86.23257
270,04122500,"PERE MARQUETTE RIVER AT SCOTTVILLE, MI",43.94501,-86.27869
271,04124000,"MANISTEE RIVER NEAR SHERMAN, MI",44.43639,-85.69868
272,04127918,"PINE RIVER NEAR RUDYARD, MI",46.18585,-84.59783
273,04127997,"STURGEON RIVER AT WOLVERINE, MI",45.27446,-84.60003
274,04161580,"STONY CREEK NEAR ROMEO, MI",42.80086,-83.09021
275,04185000,Tiffin River at Stryker OH,41.5045,-84.42967
276,04196800,Tymochtee Creek at Crawford OH,40.92283,-83.34881
277,04197100,Honey Creek at Melmore OH,41.02228,-83.10964
278,04197170,Rock Creek at Tiffin OH,41.11367,-83.16825
279,04213000,Conneaut Creek at Conneaut OH,41.927,-80.60397
280,04213075,"Brandy Run near Girard, PA",41.992,-80.29117
281,04216418,TONAWANDA CREEK AT ATTICA NY,42.86395,-78.28363
282,04221000,GENESEE RIVER AT WELLSVILLE NY,42.12229,-77.95722
283,04224775,CANASERAGA CREEK ABOVE DANSVILLE NY,42.53562,-77.70416
284,04233000,CAYUGA INLET NEAR ITHACA NY,42.39313,-76.54494
285,04256000,INDEPENDENCE RIVER AT DONNATTSBURG NY,43.74729,-75.33435
286,04296000,"BLACK RIVER AT COVENTRY, VT",44.86894,-72.2701
287,05056000,"SHEYENNE RIVER NR WARWICK, ND",47.80555,-98.71622
288,05057000,"SHEYENNE RIVER NR COOPERSTOWN, ND",47.43277,-98.0276
289,05057200,"BALDHILL CREEK NR DAZEY, ND",47.22916,-98.12482
290,05062500,"WILD RICE RIVER AT TWIN VALLEY, MN",47.26663,-96.24478
291,05087500,"MIDDLE RIVER AT ARGYLE, MN",48.34109,-96.81812
292,05120500,"WINTERING RIVER NR KARLSRUHE, ND",48.13834,-100.53986
293,05123400,"WILLOW CREEK NR WILLOW CITY, ND",48.58889,-100.44208
294,05129115,"VERMILION RIVER NR CRANE LAKE, MN",48.26463,-92.56599
295,05131500,"LITTLE FORK RIVER AT LITTLEFORK, MN",48.39578,-93.54933
296,05291000,"WHETSTONE RIVER NEAR BIG STONE CITY, SD",45.29163,-96.48756
297,05362000,"JUMP RIVER AT SHELDON, WI",45.30803,-90.95652
298,05393500,"SPIRIT RIVER AT SPIRIT FALLS, WI",45.44913,-89.97931
299,05399500,"BIG EAU PLEINE RIVER AT STRATFORD, WI",44.82191,-90.07958
300,05408000,"KICKAPOO RIVER AT LA FARGE, WI",43.57414,-90.64319
301,05412500,"Turkey River at Garber, IA",42.73999,-91.2618
302,05413500,"GRANT RIVER AT BURTON, WI",42.72027,-90.81929
303,05414000,"PLATTE RIVER NEAR ROCKVILLE, WI",42.7311,-90.64041
304,05444000,"ELKHORN CREEK NEAR PENROSE, IL",41.90281,-89.69622
305,05454000,"Rapid Creek near Iowa City, IA",41.70002,-91.48767
306,05458000,"Little Cedar River near Ionia, IA",43.03328,-92.50354
307,05466500,"EDWARDS RIVER NEAR NEW BOSTON, IL",41.18698,-90.96737
308,05487980,"White Breast Creek near Dallas, IA",41.24688,-93.26607
309,05488200,"English Creek near Knoxville, IA",41.30055,-93.04548
310,05489000,"Cedar Creek near Bussey, IA",41.219,-92.90853
311,05495000,"Fox River at Wayland, MO",40.39241,-91.59788
312,05495500,"BEAR CREEK NEAR MARCELLINE, IL",40.14282,-91.33737
313,05501000,"North River at Palmyra, MO",39.81799,-91.5177
314,05503800,"Crooked Creek near Paris, MO",39.58483,-91.99349
315,05507600,"Lick Creek at Perry, MO",39.43143,-91.67627
316,05508805,"Spencer Cr. bl Plum Cr. nr Frankford, MO",39.52046,-91.34275
317,05514500,"CUIVRE RIVER NEAR TROY, MO",39.0088,-90.97754
318,05525500,"SUGAR CREEK AT MILFORD, IL",40.63004,-87.72392
319,05556500,"BIG BUREAU CREEK AT PRINCETON, IL",41.36587,-89.49843
320,05584500,"LA MOINE RIVER AT COLMAR, IL",40.33032,-90.89624
321,05585000,"LA MOINE RIVER AT RIPLEY, IL",40.02477,-90.63179
322,05591550,"WHITLEY CREEK NEAR ALLENVILLE, IL",39.5067,-88.52756
323,05592050,"ROBINSON CREEK NEAR SHELBYVILLE, IL",39.40587,-88.89646
324,05592575,"HICKORY CREEK NEAR BROWNSTOWN, IL",38.93699,-88.95284
325,05593575,"LITTLE CROOKED CREEK NEAR NEW MINDEN, IL",38.44172,-89.41675
326,05593900,"EAST FORK SHOAL CREEK NEAR COFFEEN, IL",39.14894,-89.35231
327,05595730,"RAYSE CREEK NEAR WALTONVILLE, IL",38.25394,-89.03979
328,06037500,Madison River near West Yellowstone MT,44.65687,-111.06827
329,06043500,Gallatin River near Gallatin Gateway MT,45.49743,-111.27051
330,06154410,Little Peoples Creek near Hays MT,47.9661,-108.66071
331,06188000,"LAMAR RIVER NR TOWER FALLS RANGER STATION, YNP",44.92772,-110.39381
332,06191500,Yellowstone River at Corwin Springs MT,45.11188,-110.79438
333,06221400,"DINWOODY CREEK ABOVE LAKES, NEAR BURRIS, WYO.",43.34551,-109.41014
334,06224000,"BULL LAKE CREEK ABOVE BULL LAKE, WY",43.1769,-109.20291
335,06278300,"SHELL CREEK ABOVE SHELL CREEK RESERVOIR, WY",44.50802,-107.40369
336,06280300,"SOUTH FORK SHOSHONE RIVER NEAR VALLEY, WY",44.20828,-109.55489
337,06289000,Little Bighorn River at State Line nr Wyola MT,45.00691,-107.61509
338,06291500,Lodge Grass Cr ab Willow C Div nr Wyola MT,45.12644,-107.60054
339,06311000,"NORTH FORK POWDER RIVER NEAR HAZELTON, WY",44.02774,-107.08089
340,06332515,"BEAR DEN CREEK NR MANDAREE, ND",47.78724,-102.76853
341,06339100,"KNIFE RIVER AT MANNING, ND",47.23613,-102.76991
342,06339500,"KNIFE RIVER NR GOLDEN VALLEY, ND",47.15445,-102.05989
343,06344600,"GREEN RIVER NR NEW HRADEC, ND",47.02779,-103.05324
344,06350000,"CANNONBALL RIVER AT REGENT, ND",46.42667,-102.55183
345,06352000,"CEDAR CREEK NR HAYNES, ND",46.15417,-102.47405
346,06353000,"CEDAR CREEK NR RALEIGH, ND",46.09167,-101.33374
347,06354000,"CANNONBALL RIVER AT BREIEN, ND",46.37611,-100.93444
348,06360500,MOREAU R NEAR WHITEHORSE SD,45.25582,-100.84292
349,06404000,BATTLE CR NEAR KEYSTONE SD,43.87249,-103.33658
350,06406000,BATTLE CR AT HERMOSA SD,43.82805,-103.19602
351,06408700,RHOADS FORK NEAR ROCHFORD SD,44.13665,-103.85854
352,06409000,CASTLE CR ABOVE DEERFIELD RES NEAR HILL CITY SD,44.01359,-103.83048
353,06431500,SPEARFISH CR AT SPEARFISH SD,44.48248,-103.86159
354,06440200,"SOUTH FORK BAD R NEAR COTTONWOOD,SD",43.96888,-101.76709
355,06441500,BAD R NEAR FORT PIERRE SD,44.32665,-100.3843
356,06447000,WHITE R NEAR KADOKA SD,43.7525,-101.52487
357,06447500,LITTLE WHITE R NEAR MARTIN SD,43.16667,-101.63015
358,06450500,LITTLE WHITE R BELOW WHITE RIVER SD,43.60139,-100.74986
359,06452000,WHITE R NEAR OACOMA SD,43.74833,-99.55649
360,06453600,"PONCA CREEK AT VERDEL, NEBR.",42.81099,-98.17586
361,06464500,KEYA PAHA R AT WEWELA SD,43.02889,-99.78067
362,06468170,"JAMES RIVER NR GRACE CITY, ND",47.55805,-98.86289
363,06468250,"JAMES RIVER ABOVE ARROWWOOD LAKE NR KENSAL, ND",47.39972,-98.79761
364,06470800,"BEAR CREEK NR OAKES, ND",46.22524,-98.07177
365,06477500,FIRESTEEL CR NEAR MOUNT VERNON SD,43.7764,-98.24567
366,06479215,BIG SIOUX RIVER NR FLORENCE SD,45.1808,-97.18619
367,06479438,BIG SIOUX R NEAR WATERTOWN SD,45.00608,-97.16508
368,06601000,"OMAHA CR AT HOMER, NEBR",42.32158,-96.48768
369,06614800,"MICHIGAN RIVER NEAR CAMERON PASS, CO.",40.49609,-105.86501
370,06622700,"NORTH BRUSH CREEK NEAR SARATOGA, WY",41.37024,-106.52058
371,06623800,"ENCAMPMENT RIVER AB HOG PARK CR, NR ENCAMPMENT, WY",41.02358,-106.82477
372,06632400,"ROCK CREEK AB KING CANYON CANAL, NR ARLINGTON, WY",41.58525,-106.22279
373,06746095,"JOE WRIGHT CREEK ABOVE JOE WRIGHT RESERVOIR, CO.",40.53998,-105.88279
374,06784000,"SOUTH LOUP R AT ST. MICHAEL, NEBR.",41.03244,-98.74053
375,06803510,"LITTLE SALT CREEK NEAR LINCOLN, NEBR.",40.89311,-96.68155
376,06803530,"ROCK CREEK NEAR CERESCO, NEBR.",41.0157,-96.54428
377,06814000,"TURKEY C NR SENECA, KS",39.94778,-96.10862
378,06847900,"PRAIRIE DOG C AB KEITH SEBELIUS LAKE, KS",39.76985,-100.10078
379,06853800,"WHITE ROCK C NR BURR OAK, KS",39.89925,-98.25043
380,06876700,"SALT C NR ADA, KS",39.13907,-97.83696
381,06878000,"CHAPMAN C NR CHAPMAN, KS",39.03111,-97.04029
382,06879650,"KINGS C NR MANHATTAN, KS",39.10195,-96.59521
383,06885500,"BLACK VERMILLION R NR FRANKFORT, KS",39.68192,-96.44289
384,06888500,"MILL C NR PAXICO, KS",39.06265,-96.15025
385,06889200,"SOLDIER C NR DELIA, KS",39.23833,-95.8886
386,06889500,"SOLDIER C NR TOPEKA, KS",39.09938,-95.72495
387,06892000,"STRANGER C NR TONGANOXIE, KS",39.11633,-95.01088
388,06903400,"Chariton River near Chariton, IA",40.95189,-93.25985
389,06906800,"Lamine River near Otterville, MO",38.70225,-92.97883
390,06910800,"MARAIS DES CYGNES R NR READING, KS",38.56701,-95.96163
391,06911900,"DRAGOON C NR BURLINGAME, KS",38.71069,-95.83603
392,06917000,"L OSAGE R AT FULTON, KS",38.01897,-94.71367
393,06918460,"Turnback Creek above Greenfield, MO",37.40237,-93.80203
394,06919500,"Cedar Creek near Pleasant View, MO",37.8342,-93.87549
395,06921070,"Pomme de Terre River near Polk, MO",37.68265,-93.37033
396,06921200,"Lindley Creek near Polk, MO",37.75047,-93.26618
397,06934000,"Gasconade River near Rich Fountain, MO",38.38881,-91.81989
398,07014500,"Meramec River near Sullivan, MO",38.15853,-91.10846
399,07056000,"Buffalo River near St. Joe, AR",35.98318,-92.74755
400,07057500,"North Fork River near Tecumseh, MO",36.62303,-92.24813
401,07060710,"North Sylamore Creek near Fifty Six, AR",35.99535,-92.21265
402,07066000,"Jacks Fork at Eminence, MO",37.15408,-91.35816
403,07067000,"Current River at Van Buren, MO",36.99138,-91.01351
404,07068000,"Current River at Doniphan, MO",36.622,-90.84762
405,07071500,"Eleven Point River near Bardley, MO",36.64868,-91.20082
406,07083000,"HALFMOON CREEK NEAR MALTA, CO.",39.17221,-106.38919
407,07142300,"RATTLESNAKE C NR MACKSVILLE, KS",37.87159,-98.87614
408,07145700,"SLATE C AT WELLINGTON, KS",37.24955,-97.4039
409,07148400,"Salt Fork Arkansas River nr Alva, OK",36.81503,-98.64814
410,07149000,"MEDICINE LODGE R NR KIOWA, KS",37.0392,-98.47021
411,07151500,"CHIKASKIA R NR CORBIN, KS",37.12891,-97.60144
412,07167500,"OTTER C AT CLIMAX, KS",37.70821,-96.2236
413,07180500,"CEDAR C NR CEDAR POINT, KS",38.19645,-96.82458
414,07184000,"LIGHTNING C NR MCCUNE, KS",37.28125,-95.03267
415,07195800,"Flint Creek at Springtown, AR",36.25548,-94.43394
416,07196900,"Baron Fork at Dutch Mills, AR",35.88008,-94.48661
417,07197000,"Baron Fork at Eldon, OK",35.9212,-94.83856
418,07208500,"RAYADO CREEK NEAR CIMARRON, NM",36.37226,-104.97
419,07226500,"UTE CREEK NEAR LOGAN, NM",35.43838,-103.52579
420,07261000,"Cadron Creek near Guy, AR",35.2988,-92.40393
421,07263295,"Maumelle River at Williams Junction, AR",34.8762,-92.77461
422,07290650,"BAYOU PIERRE NR WILLOWS, MS",32.01778,-90.87694
423,07291000,"HOMOCHITTO RIVER AT EDDICETON, MS",31.50306,-90.7775
424,07292500,"HOMOCHITTO RIVER AT ROSETTA, MS",31.32472,-91.10944
425,07295000,"BUFFALO RIVER NR WOODVILLE, MS",31.22694,-91.29556
426,07299670,"Groesbeck Ck at SH 6 nr Quanah, TX",34.35452,-99.74037
427,07301410,"Sweetwater Ck nr Kelton, TX",35.4731,-100.12095
428,07301500,"North Fork Red River near Carter, OK",35.16811,-99.50731
429,07315200,"E Fk Little Wichita Rv nr Henrietta, TX",33.81288,-98.08504
430,07315700,"Mud Creek near Courtney, OK",34.00426,-97.56697
431,07335700,"Kiamichi River near Big Cedar, OK",34.63844,-94.61272
432,07340300,"Cossatot River near Vandervoort, AR",34.37955,-94.23576
433,07346045,"Black Cypress Bayou at Jefferson, TX",32.77792,-94.35742
434,07359610,"Caddo River near Caddo Gap, AR",34.38278,-93.60611
435,07362100,"SMACKOVER CREEK NEAR SMACKOVER, ARK.",33.37596,-92.77711
436,07362587,"Alum Fork Saline River near Reform, AR",34.79759,-92.93351
437,07373000,"Big Creek at Pollock, LA",31.53629,-92.40847
438,07375000,"Tchefuncta River near Folsom, LA",30.61602,-90.24869
439,07376000,"Tickfaw River at Holden, LA",30.5038,-90.67732
440,08013000,"CALCASIEU RIVER NR GLENMORA, LA",30.99602,-92.67375
441,08014500,"Whiskey Chitto Creek Near Oberlin, LA",30.69875,-92.89319
442,08023080,"Bayou Grand Cane near Stanley, LA",31.97933,-93.93408
443,08025500,"Bayou Toro near Toro, LA",31.30713,-93.51573
444,08029500,"Big Cow Ck nr Newton, TX",30.81889,-93.78556
445,08050800,"Timber Ck nr Collinsville, TX",33.55455,-96.94723
446,08066200,"Long King Ck at Livingston, TX",30.71631,-94.95882
447,08066300,"Menard Ck nr Rye, TX",30.48139,-94.77972
448,08070000,"E Fk San Jacinto Rv nr Cleveland, TX",30.3366,-95.1041
449,08070200,"E Fk San Jacinto Rv nr New Caney, TX",30.14549,-95.12438
450,08079600,"DMF Brazos Rv at Justiceburg, TX",33.03843,-101.19763
451,08082700,"Millers Ck nr Munday, TX",33.32927,-99.46508
452,08086212,"Hubbard Ck bl Albany, TX",32.7329,-99.14063
453,08086290,"Big Sandy Ck abv Breckenridge, TX",32.64846,-99.00451
454,08101000,"Cowhouse Ck at Pidcoke, TX",31.28489,-97.88502
455,08103900,"S Fk Rocky Ck nr Briggs, TX",30.91157,-98.03697
456,08104900,"S Fk San Gabriel Rv at Georgetown, TX",30.62575,-97.69112
457,08109700,"Middle Yegua Ck nr Dime Box, TX",30.33938,-96.9047
458,08150800,"Beaver Ck nr Mason, TX",30.64352,-99.09588
459,08155200,"Barton Ck at SH 71 nr Oak Hill, TX",30.29632,-97.92557
460,08158700,"Onion Ck nr Driftwood, TX",30.08299,-98.00779
461,08158810,"Bear Ck bl FM 1826 nr Driftwood, TX",30.15549,-97.94001
462,08164000,"Lavaca Rv nr Edna, TX",28.95998,-96.68637
463,08164300,"Navidad Rv nr Hallettsville, TX",29.46691,-96.81276
464,08164600,"Garcitas Ck nr Inez, TX",28.89138,-96.81915
465,08165300,"N Fk Guadalupe Rv nr Hunt, TX",30.0641,-99.38699
466,08171300,"Blanco Rv nr Kyle, TX",29.97938,-97.91
467,08175000,"Sandies Ck nr Westhoff, TX",29.21525,-97.44943
468,08176900,"Coleto Ck at Arnold Rd nr Schroeder, TX",28.86165,-97.22638
469,08178880,"Medina Rv at Bandera, TX",29.72384,-99.07004
470,08189500,"Mission Rv at Refugio, TX",28.29195,-97.27916
471,08190000,"Nueces Rv at Laguna, TX",29.42857,-99.99729
472,08190500,"W Nueces Rv nr Brackettville, TX",29.47273,-100.23646
473,08194200,"San Casimiro Ck nr Freer, TX",27.96501,-98.96697
474,08195000,"Frio Rv at Concan, TX",29.48857,-99.70478
475,08196000,"Dry Frio Rv nr Reagan Wells, TX",29.50468,-99.78145
476,08198500,"Sabinal Rv at Sabinal, TX",29.31431,-99.48047
477,08200000,"Hondo Ck nr Tarpley, TX",29.56967,-99.24671
478,08202700,"Seco Ck at Rowe Ranch nr D'Hanis, TX",29.37079,-99.28782
479,08267500,"RIO HONDO NEAR VALDEZ, NM",36.54169,-105.5564
480,08269000,"RIO PUEBLO DE TAOS NEAR TAOS, NM",36.43947,-105.50362
481,08271000,"RIO LUCERO NEAR ARROYO SECO, NM",36.50836,-105.53084
482,08324000,"JEMEZ RIVER NEAR JEMEZ, NM",35.66169,-106.74337
483,08377900,"RIO MORA NEAR TERRERO, NM",35.77725,-105.65807
484,08378500,"PECOS RIVER NEAR PECOS, NM",35.70837,-105.68252
485,08380500,"GALLINAS CREEK NEAR MONTEZUMA, NM",35.65199,-105.3189
486,09034900,"BOBTAIL CREEK NEAR JONES PASS, CO.",39.76026,-105.9064
487,09035800,"DARLING CREEK NEAR LEAL, CO.",39.80054,-106.02641
488,09035900,"SOUTH FORK OF WILLIAMS FORK NEAR LEAL, CO.",39.79582,-106.03057
489,09047700,"KEYSTONE GULCH NEAR DILLON, CO.",39.59443,-105.97252
490,09065500,"GORE CREEK AT UPPER STATION, NEAR MINTURN, CO.",39.62582,-106.27808
491,09066000,"BLACK GORE CREEK NEAR MINTURN, CO.",39.59638,-106.26503
492,09066200,"BOOTH CREEK NEAR MINTURN, CO.",39.64832,-106.32308
493,09066300,"MIDDLE CREEK NEAR MINTURN, CO.",39.64582,-106.38225
494,09081600,"CRYSTAL RIVER AB AVALANCHE C, NEAR REDSTONE, CO.",39.23221,-107.22727
495,09107000,"TAYLOR RIVER AT TAYLOR PARK, CO.",38.86027,-106.5667
496,09210500,"FONTENELLE C NR HERSCHLER RANCH, NR FONTENELLE, WY",42.09605,-110.41656
497,09223000,"HAMS FORK BELOW POLE CREEK, NEAR FRONTIER, WY",42.11049,-110.70962
498,09306242,"CORRAL GULCH NEAR RANGELY, CO.",39.92025,-108.47287
499,09312600,"WHITE RIVER BL TABBYUNE C NEAR SOLDIER SUMMIT, UT",39.87579,-111.03739
500,09352900,"VALLECITO CREEK NEAR BAYFIELD, CO.",37.4775,-107.54367
501,09378170,"SOUTH CREEK ABOVE RESERVOIR NEAR MONTICELLO, UT",37.84666,-109.36956
502,09378630,"RECAPTURE CREEK NEAR BLANDING, UT",37.75555,-109.47651
503,09386900,"RIO NUTRIA NEAR RAMAH, NM",35.28253,-108.55341
504,09404450,"EAST FORK VIRGIN RIVER NEAR GLENDALE, UT",37.33943,-112.60438
505,09430500,"GILA RIVER NEAR GILA, NM",33.06118,-108.53727
506,09430600,"MOGOLLON CREEK NEAR CLIFF, NM",33.16673,-108.64978
507,09447800,"BONITA CREEK NEAR MORENCI, AZ.",32.95562,-109.53119
508,09480000,"SANTA CRUZ RIVER NEAR LOCHIEL, AZ.",31.35538,-110.58953
509,09484000,"SABINO CREEK NEAR TUCSON, AZ.",32.31674,-110.81037
510,09484600,"PANTANO WASH NEAR VAIL, AZ.",32.03591,-110.67758
511,09492400,"EAST FORK WHITE RIVER NEAR FORT APACHE, AZ.",33.82227,-109.81454
512,09494000,"WHITE RIVER NEAR FORT APACHE, AZ.",33.73644,-110.16677
513,09497800,"CIBECUE CREEK NEAR CHYSOTILE, AZ.",33.84311,-110.55761
514,09497980,"CHERRY CREEK NEAR GLOBE, AZ.",33.82783,-110.85623
515,09505200,"WET BEAVER CREEK NEAR RIMROCK, AZ.",34.67474,-111.67209
516,09505350,"DRY BEAVER CREEK NEAR RIMROCK, AZ.",34.72863,-111.77571
517,09505800,"WEST CLEAR CREEK NEAR CAMP VERDE, AZ.",34.53864,-111.69404
518,09508300,"WET BOTTOM CREEK NEAR CHILDS, AZ.",34.16087,-111.69292
519,09510200,"SYCAMORE CREEK NEAR FORT MCDOWELL, AZ.",33.69421,-111.5418
520,09512280,"CAVE CREEK BLW COTTONWOOD CR NEAR CAVE CREEK, AZ.",33.88726,-111.95404
521,09513780,"NEW RIVER NEAR ROCK SPRINGS, AZ.",33.9742,-112.09905
522,10023000,"BIG CREEK NEAR RANDOLPH, UT",41.60994,-111.25409
523,10166430,"WEST CANYON CREEK NEAR CEDAR FORT, UT",40.40523,-112.1005
524,10172700,"VERNON CREEK NEAR VERNON, UT",39.97939,-112.38023
525,10172800,"SOUTH WILLOW CREEK NEAR GRANTSVILLE, UT",40.49633,-112.5744
526,10173450,"MAMMOTH CREEK ABV WEST HATCH DITCH, NEAR HATCH, UT",37.62276,-112.51688
527,10205030,"SALINA CREEK NEAR EMERY, UT",38.91191,-111.53047
528,10234500,"BEAVER RIVER NEAR BEAVER, UT",38.28053,-112.56827
529,10242000,"COAL CREEK NEAR CEDAR CITY, UT",37.6722,-113.03467
530,10244950,"STEPTOE C NR ELY, NV",39.20154,-114.68916
531,10249300,"S TWIN R NR ROUND MOUNTAIN, NV",38.88743,-117.24537
532,10258000,TAHQUITZ C NR PALM SPRINGS CA,33.80502,-116.55918
533,10258500,PALM CYN C NR PALM SPRINGS CA,33.74502,-116.53557
534,10259000,ANDREAS C NR PALM SPRINGS CA,33.76002,-116.55002
535,10259200,DEEP C NR PALM DESERT CA,33.63114,-116.39223
536,10263500,BIG ROCK C NR VALYERMO CA,34.42083,-117.83951
537,10310500,"CLEAR CREEK NEAR CARSON CITY, NV",39.11324,-119.79824
538,10316500,"LAMOILLE C NR LAMOILLE, NV",40.69076,-115.477
539,10329500,"MARTIN C NR PARADISE VALLEY, NV",41.53462,-117.41791
540,10336645,GENERAL C NR MEEKS BAY CA,39.05185,-120.11852
541,10336660,BLACKWOOD C NR TAHOE CITY CA,39.10741,-120.16214
542,10336740,"Logan House Ck nr Glenbrook, NV",39.06658,-119.93546
543,10343500,SAGEHEN C NR TRUCKEE CA,39.43157,-120.23798
544,10348850,GALENA C AT GALENA C STATE PARK,39.35435,-119.85852
545,10396000,DONNER UND BLITZEN RIVER NR FRENCHGLEN OR,42.79083,-118.8675
546,11098000,ARROYO SECO NR PASADENA CA,34.22223,-118.17757
547,11124500,SANTA CRUZ C NR SANTA YNEZ CA,34.59666,-119.90875
548,11141280,LOPEZ C NR ARROYO GRANDE CA,35.23553,-120.47239
549,11143000,BIG SUR R NR BIG SUR CA,36.2458,-121.77329
550,11148900,NACIMIENTO R BL SAPAQUE C NR BRYSON CA,35.78858,-121.09381
551,11151300,SAN LORENZO C BL BITTERWATER C NR KING CITY CA,36.26802,-121.0663
552,11162500,PESCADERO C NR PESCADERO CA,37.26078,-122.32886
553,11176400,ARROYO VALLE BL LANG CN NR LIVERMORE CA,37.56132,-121.68384
554,11180500,DRY C A UNION CITY CA,37.60605,-122.02385
555,11180960,CULL C AB CULL C RES NR CASTRO VALLEY CA,37.71771,-122.05441
556,11224500,LOS GATOS C AB NUNEZ CYN NR COALINGA CA,36.21468,-120.47071
557,11230500,BEAR C NR LAKE THOMAS A EDISON CA,37.33939,-118.97345
558,11237500,PITMAN C BL TAMARACK C CA,37.19856,-119.21373
559,11253310,CANTUA C NR CANTUA CREEK CA,36.40217,-120.43349
560,11264500,MERCED R A HAPPY ISLES BRIDGE NR YOSEMITE CA,37.73159,-119.55877
561,11266500,MERCED R A POHONO BRIDGE NR YOSEMITE CA,37.71687,-119.66628
562,11274500,ORESTIMBA C NR NEWMAN CA,37.31549,-121.12521
563,11274630,DEL PUERTO C NR PATTERSON CA,37.4866,-121.2091
564,11284400,BIG C AB WHITES GULCH NR GROVELAND CA,37.84187,-120.18491
565,11299600,BLACK C NR COPPEROPOLIS CA,37.96104,-120.6152
566,11381500,MILL C NR LOS MOLINOS CA,40.0546,-122.02415
567,11383500,DEER C NR VINA CA,40.01405,-121.94832
568,11451100,NF CACHE C A HOUGH SPRING NR CLEARLAKE OAKS CA,39.16545,-122.61999
569,11468500,NOYO R NR FORT BRAGG CA,39.42822,-123.73779
570,11473900,MF EEL R NR DOS RIOS CA,39.70627,-123.32529
571,11475560,ELDER C NR BRANSCOMB CA,39.7296,-123.64391
572,11476600,BULL C NR WEOTT CA,40.35125,-124.00393
573,11478500,VAN DUZEN R NR BRIDGEVILLE CA,40.48042,-123.89088
574,11480390,MAD R AB RUTH RES NR FOREST GLEN CA,40.28431,-123.3353
575,11481200,LITTLE R NR TRINIDAD CA,41.01096,-124.08173
576,11482500,REDWOOD C A ORICK CA,41.29929,-124.05118
577,11522500,SALMON R A SOMES BAR CA,41.37763,-123.47756
578,11523200,TRINITY R AB COFFEE C NR TRINITY CTR CA,41.11126,-122.70558
579,11528700,SF TRINITY R BL HYAMPOM CA,40.64986,-123.4942
580,11532500,SMITH R NR CRESCENT CITY CA,41.7915,-124.07619
581,12010000,"NASELLE RIVER NEAR NASELLE, WA",46.37399,-123.74348
582,12013500,"WILLAPA RIVER NEAR WILLAPA, WA",46.65093,-123.65266
583,12020000,"CHEHALIS RIVER NEAR DOTY, WA",46.61732,-123.27764
584,12025000,"NEWAUKUM RIVER NEAR CHEHALIS, WA",46.6201,-122.94513
585,12025700,"SKOOKUMCHUCK RIVER NEAR VAIL, WA",46.7726,-122.59401
586,12035000,"SATSOP RIVER NEAR SATSOP, WA",47.00065,-123.49488
587,12040500,"QUEETS RIVER NEAR CLEARWATER, WA",47.53786,-124.31575
588,12041200,"HOH RIVER AT US HIGHWAY 101 NEAR FORKS, WA",47.80675,-124.25103
589,12043000,"CALAWAH RIVER NEAR FORKS, WA",47.96008,-124.39299
590,12048000,"DUNGENESS RIVER NEAR SEQUIM, WA",48.01426,-123.13268
591,12054000,"DUCKABUSH RIVER NEAR BRINNON, WA",47.68398,-123.01155
592,12056500,"NF SKOKOMISH R BL STAIRCASE RPDS NR HOODSPORT, WA",47.51426,-123.32989
593,12073500,"HUGE CREEK NEAR WAUNA, WA",47.38926,-122.69902
594,12082500,"NISQUALLY RIVER NEAR NATIONAL, WA",46.75261,-122.08372
595,12092000,"PUYALLUP RIVER NEAR ELECTRON, WA",46.90372,-122.03511
596,12095000,"SOUTH PRAIRIE CREEK AT SOUTH PRAIRIE, WA",47.13955,-122.09261
597,12114500,"CEDAR RIVER BELOW BEAR CREEK NEAR CEDAR FALLS, WA",47.34205,-121.54899
598,12115000,"CEDAR RIVER NEAR CEDAR FALLS, WA",47.37011,-121.6251
599,12115500,"REX RIVER NEAR CEDAR FALLS, WA",47.35066,-121.66316
600,12117000,"TAYLOR CREEK NEAR SELLECK, WA",47.38649,-121.84622
601,12141300,"MIDDLE FORK SNOQUALMIE RIVER NEAR TANNER, WA",47.48594,-121.64788
602,12143600,"SF SNOQUALMIE RIVER AT EDGEWICK, WA",47.4526,-121.71788
603,12144000,"SF SNOQUALMIE RIVER AT NORTH BEND, WA",47.49288,-121.79011
604,12145500,"RAGING RIVER NEAR FALL CITY, WA",47.53982,-121.909
605,12147500,"NORTH FORK TOLT RIVER NEAR CARNATION, WA",47.71232,-121.78873
606,12147600,"SOUTH FORK TOLT RIVER NEAR INDEX, WA",47.70677,-121.60011
607,12167000,"NF STILLAGUAMISH RIVER NEAR ARLINGTON, WA",48.26149,-122.04764
608,12175500,"THUNDER CREEK NEAR NEWHALEM, WA",48.67263,-121.0729
609,12178100,"NEWHALEM CREEK NEAR NEWHALEM, WA",48.65596,-121.23846
610,12186000,"SAUK RIVER AB WHITECHUCK RIVER NEAR DARRINGTON, WA",48.16872,-121.47067
611,12189500,"SAUK RIVER NEAR SAUK, WA",48.42456,-121.56846
612,12358500,Middle Fork Flathead River nr West Glacier MT,48.49524,-114.01012
613,12374250,Mill Cr ab Bassoo Cr nr Niarada MT,47.82966,-114.69763
614,12375900,South Crow Creek near Ronan MT,47.4916,-114.02677
615,12377150,Mission Cr ab Reservoir nr ST Ignatius MT,47.32299,-113.97955
616,12381400,South Fork Jocko River near Arlee MT,47.19549,-113.85065
617,12383500,Big Knife Creek near Arlee MT,47.14743,-113.97427
618,12388400,Revais Cr bl West Fork nr Dixon MT,47.26632,-114.40679
619,12390700,Prospect Creek at Thompson Falls MT,47.58605,-115.35515
620,12411000,NF COEUR D ALENE R AB SHOSHONE CK NR PRICHARD ID,47.70611,-115.97917
621,12414500,ST JOE RIVER AT CALDER ID,47.27464,-116.18905
622,12447390,"ANDREWS CREEK NEAR MAZAMA, WA",48.82292,-120.14592
623,12451000,"STEHEKIN RIVER AT STEHEKIN, WA",48.32958,-120.69177
624,12488500,"AMERICAN RIVER NEAR NILE, WA",46.97762,-121.1687
625,13011500,PACIFIC CREEK AT MORAN WY,43.85028,-110.51778
626,13011900,BUFFALO FORK AB LAVA CREEK NR MORAN WY,43.83806,-110.44111
627,13018300,"CACHE CREEK NEAR JACKSON, WY",43.45215,-110.70409
628,13023000,GREYS RIVER AB RESERVOIR NR ALPINE WY,43.14278,-110.97667
629,13083000,TRAPPER CREEK NR OAKLEY ID,42.16583,-113.98361
630,13161500,BRUNEAU RIVER AT ROWLAND NV,41.93324,-115.67453
631,13235000,SF PAYETTE RIVER AT LOWMAN ID,44.08528,-115.62222
632,13240000,LAKE FORK PAYETTE RIVER AB JUMBO CR NR MCCALL ID,44.91361,-115.99722
633,13310700,SF SALMON RIVER NR KRASSEL RANGER STATION ID,44.98694,-115.725
634,13313000,JOHNSON CREEK AT YELLOW PINE ID,44.96167,-115.5
635,13331500,"MINAM RIVER NEAR MINAM, OR",45.61987,-117.72659
636,13337000,LOCHSA RIVER NR LOWELL ID,46.15083,-115.58722
637,13338500,SF CLEARWATER RIVER AT STITES ID,46.08639,-115.97667
638,13340000,CLEARWATER RIVER AT OROFINO ID,46.47833,-116.2575
639,13340600,NF CLEARWATER RIVER NR CANYON RANGER STATION ID,46.84047,-115.6207
640,14020000,"UMATILLA RIVER ABOVE MEACHAM CREEK, NR GIBBON, OR",45.71958,-118.32329
641,14092750,"SHITIKE CR, AT PETERS PASTURE, NR WARM SPRINGS, OR",44.75039,-121.6334
642,14096850,"BEAVER CREEK, BLW QUARTZ CR, NR SIMNASHO, OR.",44.95873,-121.39423
643,14137000,"SANDY RIVER NEAR MARMOT, OR",45.39956,-122.13731
644,14138800,"BLAZED ALDER CREEK NEAR RHODODENDRON, OREG.",45.45262,-121.89147
645,14138870,"FIR CREEK NEAR BRIGHTWOOD, OR",45.48012,-122.02564
646,14138900,"NORTH FORK BULL RUN RIVER NEAR MULTNOMAH FALLS, OR",45.49429,-122.03592
647,14139800,"SOUTH FORK BULL RUN RIVER NEAR BULL RUN, OR",45.44456,-122.10953
648,14141500,"LITTLE SANDY RIVER NEAR BULL RUN, OREG.",45.4154,-122.17148
649,14154500,"ROW RIVER ABOVE PITCHER CREEK NEAR, DORENA, OREG",43.73596,-122.8734
650,14158500,"MCKENZIE RIVER AT OUTLET OF CLEAR LAKE, OR",44.36095,-121.99562
651,14158790,"SMITH R AB SMITH R RES NR BELKNAP SPRGS,OREG.",44.33457,-122.04701
652,14166500,"LONG TOM RIVER NEAR NOTI, OREG.",44.04984,-123.42621
653,14182500,"LITTLE NORTH SANTIAM RIVER NEAR MEHAMA, OR",44.79151,-122.57897
654,14185000,"SOUTH SANTIAM RIVER BELOW CASCADIA, OR",44.39179,-122.49758
655,14185900,"QUARTZVILLE CREEK NEAR CASCADIA, OREG.",44.54012,-122.43591
656,14187000,"WILEY CREEK NEAR FOSTER, OR",44.37235,-122.62314
657,14216500,"MUDDY CREEK BELOW CLEAR CREEK NEAR COUGAR, WA",46.07567,-121.9987
658,14222500,"EAST FORK LEWIS RIVER NEAR HEISSON, WA",45.83678,-122.46621
659,14236200,"TILTON RIVER AB BEAR CANYON CREEK NEAR CINEBAR, WA",46.59538,-122.45956
660,14301000,"NEHALEM RIVER NEAR FOSS, OR",45.704,-123.7554
661,14303200,"TUCCA CREEK NEAR BLAINE, OR.",45.32428,-123.5465
662,14305500,"SILETZ RIVER AT SILETZ, OR",44.71512,-123.88733
663,14306340,"EAST FORK LOBSTER CREEK NEAR ALSEA, OR.",44.2479,-123.63649
664,14306500,"ALSEA RIVER NEAR TIDEWATER, OR",44.38595,-123.83178
665,14308990,"COW CREEK ABV GALESVILLE RES, NR AZALEA, OR.",42.82318,-123.12589
666,14309500,"WEST FORK COW CREEK NEAR GLENDALE, OR",42.804,-123.61091
667,14316700,"STEAMBOAT CREEK NEAR GLIDE, OR",43.34984,-122.72894
668,14325000,"SOUTH FORK COQUILLE RIVER AT POWERS, OR",42.8915,-124.07065
669,14362250,"STAR GULCH NEAR RUCH, OR.",42.15401,-123.07532
670,14400000,"CHETCO RIVER NEAR BROOKINGS, OR",42.12344,-124.18731
