metric,n_basins,median_lstm,median_mamba,median_delta,wins_lstm,losses_mamba,win_share_pct,sign_p,blocked_p_3deg,blocked_p_4deg,blocked_p_5deg,blocked_p_min,blocked_p_max,depth,tier
NSE,671,0.7515047470462821,0.7222277977796903,0.02732761170035969,497,174,74.06855439642325,6.719565368319706e-37,4.9999750001249995e-06,4.9999750001249995e-06,4.9999750001249995e-06,4.9999750001249995e-06,4.9999750001249995e-06,1,1
KGE,671,0.7792425683424483,0.7550647791917092,0.02919316611098055,461,210,68.70342771982116,1.5518887513816385e-22,4.9999750001249995e-06,4.9999750001249995e-06,4.9999750001249995e-06,4.9999750001249995e-06,4.9999750001249995e-06,1,1
NSE,671,0.7512284331072554,0.7224418845455507,0.020223930865066797,459,212,68.4053651266766,7.441703419161255e-22,4.9999750001249995e-06,4.9999750001249995e-06,4.9999750001249995e-06,4.9999750001249995e-06,4.9999750001249995e-06,1,2
KGE,671,0.7877303314025739,0.7411510279937428,0.038921552679916926,480,191,71.53502235469449,1.3148273884606935e-29,4.9999750001249995e-06,4.9999750001249995e-06,4.9999750001249995e-06,4.9999750001249995e-06,4.9999750001249995e-06,1,2
NSE,671,0.745060169767001,0.7261495428256569,0.02183035687952939,453,218,67.51117734724292,6.969824084570837e-20,4.9999750001249995e-06,4.9999750001249995e-06,4.9999750001249995e-06,4.9999750001249995e-06,4.9999750001249995e-06,1,3
KGE,671,0.7802907164631974,0.7484325994771386,0.038497697455910584,488,183,72.72727272727273,6.373133987003445e-33,4.9999750001249995e-06,4.9999750001249995e-06,4.9999750001249995e-06,4.9999750001249995e-06,4.9999750001249995e-06,1,3
NSE,671,0.7428998948697089,0.7190800376176163,0.014541137564725304,417,254,62.14605067064083,3.29581364244459e-10,0.000344998275008625,0.00034999825000874994,0.0015099924500377498,0.000344998275008625,0.0015099924500377498,2,1
KGE,671,0.7758265579852843,0.7525392411313276,0.009123990585618191,378,293,56.333830104321905,0.0011677686178073203,0.07723461382693086,0.09579952100239499,0.08222958885205574,0.07723461382693086,0.09579952100239499,2,1
NSE,671,0.7463862926046947,0.7110970428636211,0.02119619005317719,454,217,67.6602086438152,3.326357185097229e-20,4.9999750001249995e-06,2.4999875000624998e-05,0.00012499937500312498,4.9999750001249995e-06,0.00012499937500312498,2,2
KGE,671,0.781196573810623,0.7618634235054527,0.010466377179240038,392,279,58.42026825633383,1.468837274381743e-05,0.0038499807500962497,0.013149934250328748,0.01916990415047925,0.0038499807500962497,0.01916990415047925,2,2
NSE,671,0.7477766705035682,0.7165792900030252,0.019840285532786106,464,207,69.150521609538,1.403690642670424e-23,4.9999750001249995e-06,4.9999750001249995e-06,4.9999750001249995e-06,4.9999750001249995e-06,4.9999750001249995e-06,2,3
KGE,671,0.7815357973992043,0.7549710887163481,0.021202226508309496,447,224,66.61698956780924,5.125337225346494e-18,4.9999750001249995e-06,4.9999750001249995e-06,4.9999750001249995e-06,4.9999750001249995e-06,4.9999750001249995e-06,2,3
NSE,671,0.7425513791808181,0.7272360211851243,0.009783038478332617,390,281,58.12220566318927,2.9426830024089122e-05,0.011064944675276623,0.014374928125359373,0.030789846050769745,0.011064944675276623,0.030789846050769745,3,1
KGE,671,0.7793939724177739,0.763586110105941,0.0032228609459981072,352,319,52.459016393442624,0.21667170622782939,0.41463792681036593,0.4393078034609827,0.4294428527857361,0.41463792681036593,0.4393078034609827,3,1
NSE,671,0.7382462823183833,0.7258686240800207,0.014790011834070471,413,258,61.54992548435171,2.3586568904268056e-09,0.00016999915000424998,0.00040999795001024994,0.0030199849000754997,0.00016999915000424998,0.0030199849000754997,3,2
KGE,671,0.7690863382244819,0.7623492514747725,0.011654523308560094,389,282,57.97317436661699,4.1286565706020186e-05,0.0019749901250493748,0.010064949675251624,0.02256488717556412,0.0019749901250493748,0.02256488717556412,3,2
NSE,671,0.74050236200301,0.7208260314522352,0.014331178239527342,429,242,63.9344262295082,4.943744169563898e-13,1.4999925000374999e-05,1.4999925000374999e-05,0.00022499887500562497,1.4999925000374999e-05,0.00022499887500562497,3,3
KGE,671,0.7822236684552717,0.7631290675418643,0.015640279820931968,423,248,63.04023845007452,1.4290769617906197e-11,4.9999750001249995e-06,9.999950000249999e-06,0.00010999945000274999,4.9999750001249995e-06,0.00010999945000274999,3,3
